{
    "Teatr Bagatela": { "x": 50.063658, "y": 19.933121 }
}
